fixed acidity,volatile acidity,citric acid,residual sugar,chlorides,free sulfur dioxide,total sulfur dioxide,density,pH,sulphates,alcohol,quality,non-free sulfur dioxide
5.2,0.48,0.04,1.6,0.054000000000000006,19.0,106.0,992.7,3.54,0.62,12.2,7,87.0
7.6,0.41,0.33,2.5,0.078,6.0,23.0,995.7,3.3,0.58,11.2,5,17.0
10.5,0.24,0.47,2.1,0.066,6.0,24.0,997.8000000000001,3.15,0.9,11.0,7,18.0
9.7,0.69,0.32,2.5,0.08800000000000001,22.0,91.0,997.9,3.29,0.62,10.1,5,69.0
6.3,0.47,0.0,1.4,0.055,27.0,33.0,992.1999999999999,3.45,0.48,12.3,6,6.0
